trial_number,repeat,ok,score,samples,duration_s,mean_abs_e_deg,rms_e_deg,p95_abs_e_deg,max_abs_e_deg,span_ratio,sat_ratio,effort_ratio,u_activity_ratio,zeta_abs_max,zeta_start,zeta_end,zeta_growth,zeta_dot_mean,zeta_dot_p95,zeta_dot_abs_max,low_speed_frac,low_speed_qd_rms_deg_s,low_speed_sign_rate_hz,step_settle_segments,step_settle_pp_deg,step_settle_std_deg,step_settle_extrema_rate_hz,hold_segments,hold_mean_abs_e_deg,hold_p95_abs_e_deg,hold_max_abs_e_deg,upstep_segments,upstep_hold_mean_abs_e_deg,upstep_hold_p95_abs_e_deg,upstep_peak_shortfall_deg,upstep_peak_overshoot_deg,tail_mean_abs_e_deg,tail_p95_abs_e_deg,tail_max_abs_e_deg,tail_sat_ratio,returncode,elapsed_s,csv_path,error,params_json
0,1,1.0,16.44441158788271,1080.0,44.958458,1.3439857629193386,1.7608729482272938,2.5637635677549087,9.048139777612178,1.0201354877384394,0.0,0.06096593067426401,0.4373267932677853,0.9804110091,0.885692967,0.9804110091,0.09471804210000001,0.00210484537962963,0.008911554814999998,0.0185607028,0.0,0.0,0.0,0.0,0.0,0.0,0.0,0.0,0.0,0.0,0.0,0.0,0.0,0.0,0.0,0.0,1.1763645523161939,2.7102090823808456,5.831518195417874,0.0,0,45.953987565000716,/tmp/nussbaum_optuna_tailp95_runs/optuna_t0000_r01.csv,,"{""alpha"": 7.1072835468, ""amplitude_deg"": 10.0, ""baudrate"": 1000000.0, ""command_sign"": -1.0, ""control_output_scale"": 1.0, ""current_bias_raw"": -0.1296542137, ""current_limit_raw"": 0.0, ""default_mode"": 3.0, ""device"": ""/dev/ttyAMA0"", ""disable_anti_windup"": false, ""disable_freeze_nn_on_saturation"": false, ""disable_freeze_zeta_on_saturation"": false, ""disturb_interval_sec"": 30.0, ""disturb_jitter_sec"": 3.0, ""disturb_mode"": ""mixed"", ""disturb_seed"": -1.0, ""disturbance_placement"": ""mid_move"", ""duration"": 45.0, ""dxl_id"": 6.0, ""enable_disturbance"": false, ""frequency_hz"": 0.05, ""gamma_adapt"": 13.79305137786862, ""gamma_link"": 1.1879006338, ""integral_limit"": 1.6504936083, ""k_delta"": 0.1297199154, ""max_abs_e_dot"": 1.0, ""max_control"": 0.03511028250747995, ""max_current_raw"": 39.0, ""max_current_slew"": 12.1597625363, ""mid_disturbance_offset_sec"": 0.0, ""no_set_current_mode"": false, ""predict_horizon_sec"": 0.0030736303, ""pulse_current_raw_max"": 12.0, ""pulse_current_raw_min"": 4.0, ""pulse_duration_max"": 0.6, ""pulse_duration_min"": 0.15, ""q_abs_guard_deg"": 35.0, ""qd_lpf_alpha"": 0.1014495263, ""rate"": 24.0, ""rbf_center_max"": 3.2, ""rbf_center_min"": -3.2, ""rbf_nodes"": 11.0, ""rbf_width"": 1.4631904539, ""ref_jump_deg_max"": 8.0, ""ref_jump_deg_min"": 2.0, ""ref_jump_duration_max"": 0.6, ""ref_jump_duration_min"": 0.15, ""reference_shape"": ""sine"", ""reset_zeta_after_motion"": false, ""reset_zeta_on_segment"": false, ""restore_mode"": false, ""sigma_mod"": 0.30588878264690883, ""sine_center_mode"": ""lock"", ""soft_start_sec"": 6.0, ""step_absolute_target_deg"": null, ""step_absolute_target_rad"": null, ""step_delta_deg"": 40.0, ""step_ramp_sec"": 1.0, ""step_segment_sec"": 1.5, ""step_sequence_deg"": """", ""step_shape"": ""smoothstep"", ""step_start_sec"": 0.0, ""tail_err_full_deg"": 3.4, ""tail_err_thresh_deg"": 1.979188182772695, ""tail_kd"": 0.16145279134781582, ""tail_kp"": 1.1630337924829304, ""tail_max_control_boost"": 1.4473896498340177, ""tail_u_max"": 0.04746186112446433, ""torque_to_current"": 210.0, ""zeta0"": 0.885692967, ""zeta_leak"": 0.0105676426, ""zeta_reset_delay_sec"": 0.0, ""zeta_reset_value"": null, ""zeta_soft"": 0.9619387395}"
1,1,1.0,1000262.9222172716,1080.0,44.958442000000005,2.0033864817180937,2.969844832522649,7.493562049140793,11.160589297258445,1.1192263357494145,0.0,0.05311113485280153,0.6729606162757835,1.0771634484,0.885692967,1.077011743,0.1913187759999999,0.0042515283555555556,0.023358252349999997,0.0561748146,0.0,0.0,0.0,0.0,0.0,0.0,0.0,0.0,0.0,0.0,0.0,0.0,0.0,0.0,0.0,0.0,3.1422508882826885,8.629222172716402,11.160589297258445,0.0,0,46.06707789899974,/tmp/nussbaum_optuna_tailp95_runs/optuna_t0001_r01.csv,,"{""alpha"": 7.1072835468, ""amplitude_deg"": 10.0, ""baudrate"": 1000000.0, ""command_sign"": -1.0, ""control_output_scale"": 1.0, ""current_bias_raw"": -0.1296542137, ""current_limit_raw"": 0.0, ""default_mode"": 3.0, ""device"": ""/dev/ttyAMA0"", ""disable_anti_windup"": false, ""disable_freeze_nn_on_saturation"": false, ""disable_freeze_zeta_on_saturation"": false, ""disturb_interval_sec"": 30.0, ""disturb_jitter_sec"": 3.0, ""disturb_mode"": ""mixed"", ""disturb_seed"": -1.0, ""disturbance_placement"": ""mid_move"", ""duration"": 45.0, ""dxl_id"": 6.0, ""enable_disturbance"": false, ""frequency_hz"": 0.05, ""gamma_adapt"": 8.425617355245029, ""gamma_link"": 1.1879006338, ""integral_limit"": 1.6504936083, ""k_delta"": 0.1297199154, ""max_abs_e_dot"": 1.0, ""max_control"": 0.05231546392084583, ""max_current_raw"": 39.0, ""max_current_slew"": 12.1597625363, ""mid_disturbance_offset_sec"": 0.0, ""no_set_current_mode"": false, ""predict_horizon_sec"": 0.0030736303, ""pulse_current_raw_max"": 12.0, ""pulse_current_raw_min"": 4.0, ""pulse_duration_max"": 0.6, ""pulse_duration_min"": 0.15, ""q_abs_guard_deg"": 35.0, ""qd_lpf_alpha"": 0.1014495263, ""rate"": 24.0, ""rbf_center_max"": 3.2, ""rbf_center_min"": -3.2, ""rbf_nodes"": 11.0, ""rbf_width"": 1.4631904539, ""ref_jump_deg_max"": 8.0, ""ref_jump_deg_min"": 2.0, ""ref_jump_duration_max"": 0.6, ""ref_jump_duration_min"": 0.15, ""reference_shape"": ""sine"", ""reset_zeta_after_motion"": false, ""reset_zeta_on_segment"": false, ""restore_mode"": false, ""sigma_mod"": 0.35646810625333364, ""sine_center_mode"": ""lock"", ""soft_start_sec"": 6.0, ""step_absolute_target_deg"": null, ""step_absolute_target_rad"": null, ""step_delta_deg"": 40.0, ""step_ramp_sec"": 1.0, ""step_segment_sec"": 1.5, ""step_sequence_deg"": """", ""step_shape"": ""smoothstep"", ""step_start_sec"": 0.0, ""tail_err_full_deg"": 3.4, ""tail_err_thresh_deg"": 0.65332332528523, ""tail_kd"": 0.28592156401197477, ""tail_kp"": 0.46080169924912495, ""tail_max_control_boost"": 1.3215700803671704, ""tail_u_max"": 0.04639515094780777, ""torque_to_current"": 210.0, ""zeta0"": 0.885692967, ""zeta_leak"": 0.0105676426, ""zeta_reset_delay_sec"": 0.0, ""zeta_reset_value"": null, ""zeta_soft"": 0.9619387395}"
2,1,1.0,31.538067085450308,1080.0,44.95846,1.5230419799649266,2.3839166354690153,4.961038559117744,11.563666624471136,1.0560827597039615,0.0,0.052881552706552704,0.530088154145391,0.9569979258,0.885692967,0.9569979258,0.07130495879999998,0.0015845546401851852,0.0082287679,0.0193406327,0.0,0.0,0.0,0.0,0.0,0.0,0.0,0.0,0.0,0.0,0.0,0.0,0.0,0.0,0.0,0.0,1.5151379826734173,5.880719074508092,11.464372230704473,0.0,0,45.99189630500041,/tmp/nussbaum_optuna_tailp95_runs/optuna_t0002_r01.csv,,"{""alpha"": 7.1072835468, ""amplitude_deg"": 10.0, ""baudrate"": 1000000.0, ""command_sign"": -1.0, ""control_output_scale"": 1.0, ""current_bias_raw"": -0.1296542137, ""current_limit_raw"": 0.0, ""default_mode"": 3.0, ""device"": ""/dev/ttyAMA0"", ""disable_anti_windup"": false, ""disable_freeze_nn_on_saturation"": false, ""disable_freeze_zeta_on_saturation"": false, ""disturb_interval_sec"": 30.0, ""disturb_jitter_sec"": 3.0, ""disturb_mode"": ""mixed"", ""disturb_seed"": -1.0, ""disturbance_placement"": ""mid_move"", ""duration"": 45.0, ""dxl_id"": 6.0, ""enable_disturbance"": false, ""frequency_hz"": 0.05, ""gamma_adapt"": 8.342815413263933, ""gamma_link"": 1.1879006338, ""integral_limit"": 1.6504936083, ""k_delta"": 0.1297199154, ""max_abs_e_dot"": 1.0, ""max_control"": 0.03626045147110447, ""max_current_raw"": 39.0, ""max_current_slew"": 12.1597625363, ""mid_disturbance_offset_sec"": 0.0, ""no_set_current_mode"": false, ""predict_horizon_sec"": 0.0030736303, ""pulse_current_raw_max"": 12.0, ""pulse_current_raw_min"": 4.0, ""pulse_duration_max"": 0.6, ""pulse_duration_min"": 0.15, ""q_abs_guard_deg"": 35.0, ""qd_lpf_alpha"": 0.1014495263, ""rate"": 24.0, ""rbf_center_max"": 3.2, ""rbf_center_min"": -3.2, ""rbf_nodes"": 11.0, ""rbf_width"": 1.4631904539, ""ref_jump_deg_max"": 8.0, ""ref_jump_deg_min"": 2.0, ""ref_jump_duration_max"": 0.6, ""ref_jump_duration_min"": 0.15, ""reference_shape"": ""sine"", ""reset_zeta_after_motion"": false, ""reset_zeta_on_segment"": false, ""restore_mode"": false, ""sigma_mod"": 0.25347898235685934, ""sine_center_mode"": ""lock"", ""soft_start_sec"": 6.0, ""step_absolute_target_deg"": null, ""step_absolute_target_rad"": null, ""step_delta_deg"": 40.0, ""step_ramp_sec"": 1.0, ""step_segment_sec"": 1.5, ""step_sequence_deg"": """", ""step_shape"": ""smoothstep"", ""step_start_sec"": 0.0, ""tail_err_full_deg"": 3.4, ""tail_err_thresh_deg"": 0.4500821658966916, ""tail_kd"": 0.08382643297208649, ""tail_kp"": 0.9510760582051639, ""tail_max_control_boost"": 1.067733002154358, ""tail_u_max"": 0.06620284411023039, ""torque_to_current"": 210.0, ""zeta0"": 0.885692967, ""zeta_leak"": 0.0105676426, ""zeta_reset_delay_sec"": 0.0, ""zeta_reset_value"": null, ""zeta_soft"": 0.9619387395}"
3,1,1.0,26.801986706675606,1080.0,44.958553,1.4827896113331005,2.204165276734764,4.518246573240618,11.843675390405455,1.0066491061143428,0.0,0.048249430199430204,0.397331428937764,0.950867002,0.885692967,0.950867002,0.06517403499999996,0.0014483118910185186,0.007075946794999998,0.011201577,0.0,0.0,0.0,0.0,0.0,0.0,0.0,0.0,0.0,0.0,0.0,0.0,0.0,0.0,0.0,0.0,1.4801470849304978,4.9472214945309645,8.101625623843002,0.0,0,45.98081900999932,/tmp/nussbaum_optuna_tailp95_runs/optuna_t0003_r01.csv,,"{""alpha"": 7.1072835468, ""amplitude_deg"": 10.0, ""baudrate"": 1000000.0, ""command_sign"": -1.0, ""control_output_scale"": 1.0, ""current_bias_raw"": -0.1296542137, ""current_limit_raw"": 0.0, ""default_mode"": 3.0, ""device"": ""/dev/ttyAMA0"", ""disable_anti_windup"": false, ""disable_freeze_nn_on_saturation"": false, ""disable_freeze_zeta_on_saturation"": false, ""disturb_interval_sec"": 30.0, ""disturb_jitter_sec"": 3.0, ""disturb_mode"": ""mixed"", ""disturb_seed"": -1.0, ""disturbance_placement"": ""mid_move"", ""duration"": 45.0, ""dxl_id"": 6.0, ""enable_disturbance"": false, ""frequency_hz"": 0.05, ""gamma_adapt"": 14.291870389462437, ""gamma_link"": 1.1879006338, ""integral_limit"": 1.6504936083, ""k_delta"": 0.1297199154, ""max_abs_e_dot"": 1.0, ""max_control"": 0.03961148273444908, ""max_current_raw"": 39.0, ""max_current_slew"": 12.1597625363, ""mid_disturbance_offset_sec"": 0.0, ""no_set_current_mode"": false, ""predict_horizon_sec"": 0.0030736303, ""pulse_current_raw_max"": 12.0, ""pulse_current_raw_min"": 4.0, ""pulse_duration_max"": 0.6, ""pulse_duration_min"": 0.15, ""q_abs_guard_deg"": 35.0, ""qd_lpf_alpha"": 0.1014495263, ""rate"": 24.0, ""rbf_center_max"": 3.2, ""rbf_center_min"": -3.2, ""rbf_nodes"": 11.0, ""rbf_width"": 1.4631904539, ""ref_jump_deg_max"": 8.0, ""ref_jump_deg_min"": 2.0, ""ref_jump_duration_max"": 0.6, ""ref_jump_duration_min"": 0.15, ""reference_shape"": ""sine"", ""reset_zeta_after_motion"": false, ""reset_zeta_on_segment"": false, ""restore_mode"": false, ""sigma_mod"": 0.3010088191120783, ""sine_center_mode"": ""lock"", ""soft_start_sec"": 6.0, ""step_absolute_target_deg"": null, ""step_absolute_target_rad"": null, ""step_delta_deg"": 40.0, ""step_ramp_sec"": 1.0, ""step_segment_sec"": 1.5, ""step_sequence_deg"": """", ""step_shape"": ""smoothstep"", ""step_start_sec"": 0.0, ""tail_err_full_deg"": 3.4, ""tail_err_thresh_deg"": 0.7455772052882033, ""tail_kd"": 0.5852556045995927, ""tail_kp"": 0.8589510252283478, ""tail_max_control_boost"": 0.43716464937237315, ""tail_u_max"": 0.04989860844863244, ""torque_to_current"": 210.0, ""zeta0"": 0.885692967, ""zeta_leak"": 0.0105676426, ""zeta_reset_delay_sec"": 0.0, ""zeta_reset_value"": null, ""zeta_soft"": 0.9619387395}"
4,1,1.0,1000013.6322808051,1080.0,44.958442000000005,2.129132426649963,3.0995140673682795,7.475896128533112,13.363228080517942,1.0248539567812955,0.0,0.061535208926875584,0.4897772298665269,1.0369870365,0.885692967,1.0369870365,0.15129406950000002,0.0033620904325,0.017288917884999998,0.0437038645,0.0,0.0,0.0,0.0,0.0,0.0,0.0,0.0,0.0,0.0,0.0,0.0,0.0,0.0,0.0,0.0,3.362432173974998,9.008266314241022,13.363228080517942,0.0,0,46.03221919400039,/tmp/nussbaum_optuna_tailp95_runs/optuna_t0004_r01.csv,,"{""alpha"": 7.1072835468, ""amplitude_deg"": 10.0, ""baudrate"": 1000000.0, ""command_sign"": -1.0, ""control_output_scale"": 1.0, ""current_bias_raw"": -0.1296542137, ""current_limit_raw"": 0.0, ""default_mode"": 3.0, ""device"": ""/dev/ttyAMA0"", ""disable_anti_windup"": false, ""disable_freeze_nn_on_saturation"": false, ""disable_freeze_zeta_on_saturation"": false, ""disturb_interval_sec"": 30.0, ""disturb_jitter_sec"": 3.0, ""disturb_mode"": ""mixed"", ""disturb_seed"": -1.0, ""disturbance_placement"": ""mid_move"", ""duration"": 45.0, ""dxl_id"": 6.0, ""enable_disturbance"": false, ""frequency_hz"": 0.05, ""gamma_adapt"": 7.983819183779411, ""gamma_link"": 1.1879006338, ""integral_limit"": 1.6504936083, ""k_delta"": 0.1297199154, ""max_abs_e_dot"": 1.0, ""max_control"": 0.052077444354248145, ""max_current_raw"": 39.0, ""max_current_slew"": 12.1597625363, ""mid_disturbance_offset_sec"": 0.0, ""no_set_current_mode"": false, ""predict_horizon_sec"": 0.0030736303, ""pulse_current_raw_max"": 12.0, ""pulse_current_raw_min"": 4.0, ""pulse_duration_max"": 0.6, ""pulse_duration_min"": 0.15, ""q_abs_guard_deg"": 35.0, ""qd_lpf_alpha"": 0.1014495263, ""rate"": 24.0, ""rbf_center_max"": 3.2, ""rbf_center_min"": -3.2, ""rbf_nodes"": 11.0, ""rbf_width"": 1.4631904539, ""ref_jump_deg_max"": 8.0, ""ref_jump_deg_min"": 2.0, ""ref_jump_duration_max"": 0.6, ""ref_jump_duration_min"": 0.15, ""reference_shape"": ""sine"", ""reset_zeta_after_motion"": false, ""reset_zeta_on_segment"": false, ""restore_mode"": false, ""sigma_mod"": 0.28979313896386266, ""sine_center_mode"": ""lock"", ""soft_start_sec"": 6.0, ""step_absolute_target_deg"": null, ""step_absolute_target_rad"": null, ""step_delta_deg"": 40.0, ""step_ramp_sec"": 1.0, ""step_segment_sec"": 1.5, ""step_sequence_deg"": """", ""step_shape"": ""smoothstep"", ""step_start_sec"": 0.0, ""tail_err_full_deg"": 3.4, ""tail_err_thresh_deg"": 0.4782691314592255, ""tail_kd"": 0.3771086742698428, ""tail_kp"": 1.2788809484391215, ""tail_max_control_boost"": 0.5018538827987915, ""tail_u_max"": 0.01575781552772726, ""torque_to_current"": 210.0, ""zeta0"": 0.885692967, ""zeta_leak"": 0.0105676426, ""zeta_reset_delay_sec"": 0.0, ""zeta_reset_value"": null, ""zeta_soft"": 0.9619387395}"
5,1,1.0,15.044532411162763,1080.0,44.958453000000006,1.2236128951104308,1.6138584937324654,2.6820447881974787,8.340546577882769,1.015637809391075,0.0,0.05249779202279202,0.2887292303541123,0.9962742053,0.885692967,0.9962742053,0.1105812383,0.0024573608519444443,0.010922735514999995,0.0190858796,0.0,0.0,0.0,0.0,0.0,0.0,0.0,0.0,0.0,0.0,0.0,0.0,0.0,0.0,0.0,0.0,1.2367012858569781,2.1036825669452135,6.111639169406791,0.0,0,45.99827176799954,/tmp/nussbaum_optuna_tailp95_runs/optuna_t0005_r01.csv,,"{""alpha"": 7.1072835468, ""amplitude_deg"": 10.0, ""baudrate"": 1000000.0, ""command_sign"": -1.0, ""control_output_scale"": 1.0, ""current_bias_raw"": -0.1296542137, ""current_limit_raw"": 0.0, ""default_mode"": 3.0, ""device"": ""/dev/ttyAMA0"", ""disable_anti_windup"": false, ""disable_freeze_nn_on_saturation"": false, ""disable_freeze_zeta_on_saturation"": false, ""disturb_interval_sec"": 30.0, ""disturb_jitter_sec"": 3.0, ""disturb_mode"": ""mixed"", ""disturb_seed"": -1.0, ""disturbance_placement"": ""mid_move"", ""duration"": 45.0, ""dxl_id"": 6.0, ""enable_disturbance"": false, ""frequency_hz"": 0.05, ""gamma_adapt"": 11.101966685971759, ""gamma_link"": 1.1879006338, ""integral_limit"": 1.6504936083, ""k_delta"": 0.1297199154, ""max_abs_e_dot"": 1.0, ""max_control"": 0.044104610809428915, ""max_current_raw"": 39.0, ""max_current_slew"": 12.1597625363, ""mid_disturbance_offset_sec"": 0.0, ""no_set_current_mode"": false, ""predict_horizon_sec"": 0.0030736303, ""pulse_current_raw_max"": 12.0, ""pulse_current_raw_min"": 4.0, ""pulse_duration_max"": 0.6, ""pulse_duration_min"": 0.15, ""q_abs_guard_deg"": 35.0, ""qd_lpf_alpha"": 0.1014495263, ""rate"": 24.0, ""rbf_center_max"": 3.2, ""rbf_center_min"": -3.2, ""rbf_nodes"": 11.0, ""rbf_width"": 1.4631904539, ""ref_jump_deg_max"": 8.0, ""ref_jump_deg_min"": 2.0, ""ref_jump_duration_max"": 0.6, ""ref_jump_duration_min"": 0.15, ""reference_shape"": ""sine"", ""reset_zeta_after_motion"": false, ""reset_zeta_on_segment"": false, ""restore_mode"": false, ""sigma_mod"": 0.2708904966652773, ""sine_center_mode"": ""lock"", ""soft_start_sec"": 6.0, ""step_absolute_target_deg"": null, ""step_absolute_target_rad"": null, ""step_delta_deg"": 40.0, ""step_ramp_sec"": 1.0, ""step_segment_sec"": 1.5, ""step_sequence_deg"": """", ""step_shape"": ""smoothstep"", ""step_start_sec"": 0.0, ""tail_err_full_deg"": 3.4, ""tail_err_thresh_deg"": 1.7494425526547217, ""tail_kd"": 0.7393154304977116, ""tail_kp"": 1.0890833876259234, ""tail_max_control_boost"": 0.2896109003554292, ""tail_u_max"": 0.029849517867015056, ""torque_to_current"": 210.0, ""zeta0"": 0.885692967, ""zeta_leak"": 0.0105676426, ""zeta_reset_delay_sec"": 0.0, ""zeta_reset_value"": null, ""zeta_soft"": 0.9619387395}"
6,1,1.0,11.898115094888032,1080.0,44.958471,1.0581477124990946,1.232677977995873,2.0670195774680806,2.5530679525988242,0.9662060583838948,0.0,0.05538594491927824,0.193871563547845,0.9885722616,0.8856930424,0.9884736222,0.1027805798,0.002284014559537037,0.010383292799999996,0.022108374,0.0,0.0,0.0,0.0,0.0,0.0,0.0,0.0,0.0,0.0,0.0,0.0,0.0,0.0,0.0,0.0,1.1218252329136984,1.9942966440416419,2.2435661268643665,0.0,0,46.03132321300018,/tmp/nussbaum_optuna_tailp95_runs/optuna_t0006_r01.csv,,"{""alpha"": 7.1072835468, ""amplitude_deg"": 10.0, ""baudrate"": 1000000.0, ""command_sign"": -1.0, ""control_output_scale"": 1.0, ""current_bias_raw"": -0.1296542137, ""current_limit_raw"": 0.0, ""default_mode"": 3.0, ""device"": ""/dev/ttyAMA0"", ""disable_anti_windup"": false, ""disable_freeze_nn_on_saturation"": false, ""disable_freeze_zeta_on_saturation"": false, ""disturb_interval_sec"": 30.0, ""disturb_jitter_sec"": 3.0, ""disturb_mode"": ""mixed"", ""disturb_seed"": -1.0, ""disturbance_placement"": ""mid_move"", ""duration"": 45.0, ""dxl_id"": 6.0, ""enable_disturbance"": false, ""frequency_hz"": 0.05, ""gamma_adapt"": 13.952819488141293, ""gamma_link"": 1.1879006338, ""integral_limit"": 1.6504936083, ""k_delta"": 0.1297199154, ""max_abs_e_dot"": 1.0, ""max_control"": 0.049745873832703215, ""max_current_raw"": 39.0, ""max_current_slew"": 12.1597625363, ""mid_disturbance_offset_sec"": 0.0, ""no_set_current_mode"": false, ""predict_horizon_sec"": 0.0030736303, ""pulse_current_raw_max"": 12.0, ""pulse_current_raw_min"": 4.0, ""pulse_duration_max"": 0.6, ""pulse_duration_min"": 0.15, ""q_abs_guard_deg"": 35.0, ""qd_lpf_alpha"": 0.1014495263, ""rate"": 24.0, ""rbf_center_max"": 3.2, ""rbf_center_min"": -3.2, ""rbf_nodes"": 11.0, ""rbf_width"": 1.4631904539, ""ref_jump_deg_max"": 8.0, ""ref_jump_deg_min"": 2.0, ""ref_jump_duration_max"": 0.6, ""ref_jump_duration_min"": 0.15, ""reference_shape"": ""sine"", ""reset_zeta_after_motion"": false, ""reset_zeta_on_segment"": false, ""restore_mode"": false, ""sigma_mod"": 0.25315095632550916, ""sine_center_mode"": ""lock"", ""soft_start_sec"": 6.0, ""step_absolute_target_deg"": null, ""step_absolute_target_rad"": null, ""step_delta_deg"": 40.0, ""step_ramp_sec"": 1.0, ""step_segment_sec"": 1.5, ""step_sequence_deg"": """", ""step_shape"": ""smoothstep"", ""step_start_sec"": 0.0, ""tail_err_full_deg"": 3.4, ""tail_err_thresh_deg"": 2.0207259029862796, ""tail_kd"": 0.6129439787251912, ""tail_kp"": 1.2235464194494376, ""tail_max_control_boost"": 0.7200268140350365, ""tail_u_max"": 0.02403307465671936, ""torque_to_current"": 210.0, ""zeta0"": 0.885692967, ""zeta_leak"": 0.0105676426, ""zeta_reset_delay_sec"": 0.0, ""zeta_reset_value"": null, ""zeta_soft"": 0.9619387395}"
7,1,1.0,12.48443312290796,1080.0,44.958470000000005,1.142450325378384,1.3231125088914952,2.235545540499929,3.8250525294133384,0.9437361250306188,0.0,0.05669560778727444,0.15541787827885717,1.0120450682,0.885692967,1.0120450682,0.12635210119999996,0.002807824468611111,0.012896895914999996,0.048326807,0.0,0.0,0.0,0.0,0.0,0.0,0.0,0.0,0.0,0.0,0.0,0.0,0.0,0.0,0.0,0.0,1.0602377097749214,1.9531838706677882,2.3379255320091645,0.0,0,45.97895995499948,/tmp/nussbaum_optuna_tailp95_runs/optuna_t0007_r01.csv,,"{""alpha"": 7.1072835468, ""amplitude_deg"": 10.0, ""baudrate"": 1000000.0, ""command_sign"": -1.0, ""control_output_scale"": 1.0, ""current_bias_raw"": -0.1296542137, ""current_limit_raw"": 0.0, ""default_mode"": 3.0, ""device"": ""/dev/ttyAMA0"", ""disable_anti_windup"": false, ""disable_freeze_nn_on_saturation"": false, ""disable_freeze_zeta_on_saturation"": false, ""disturb_interval_sec"": 30.0, ""disturb_jitter_sec"": 3.0, ""disturb_mode"": ""mixed"", ""disturb_seed"": -1.0, ""disturbance_placement"": ""mid_move"", ""duration"": 45.0, ""dxl_id"": 6.0, ""enable_disturbance"": false, ""frequency_hz"": 0.05, ""gamma_adapt"": 14.880415791698708, ""gamma_link"": 1.1879006338, ""integral_limit"": 1.6504936083, ""k_delta"": 0.1297199154, ""max_abs_e_dot"": 1.0, ""max_control"": 0.07049732786621635, ""max_current_raw"": 39.0, ""max_current_slew"": 12.1597625363, ""mid_disturbance_offset_sec"": 0.0, ""no_set_current_mode"": false, ""predict_horizon_sec"": 0.0030736303, ""pulse_current_raw_max"": 12.0, ""pulse_current_raw_min"": 4.0, ""pulse_duration_max"": 0.6, ""pulse_duration_min"": 0.15, ""q_abs_guard_deg"": 35.0, ""qd_lpf_alpha"": 0.1014495263, ""rate"": 24.0, ""rbf_center_max"": 3.2, ""rbf_center_min"": -3.2, ""rbf_nodes"": 11.0, ""rbf_width"": 1.4631904539, ""ref_jump_deg_max"": 8.0, ""ref_jump_deg_min"": 2.0, ""ref_jump_duration_max"": 0.6, ""ref_jump_duration_min"": 0.15, ""reference_shape"": ""sine"", ""reset_zeta_after_motion"": false, ""reset_zeta_on_segment"": false, ""restore_mode"": false, ""sigma_mod"": 0.301158245356863, ""sine_center_mode"": ""lock"", ""soft_start_sec"": 6.0, ""step_absolute_target_deg"": null, ""step_absolute_target_rad"": null, ""step_delta_deg"": 40.0, ""step_ramp_sec"": 1.0, ""step_segment_sec"": 1.5, ""step_sequence_deg"": """", ""step_shape"": ""smoothstep"", ""step_start_sec"": 0.0, ""tail_err_full_deg"": 3.4, ""tail_err_thresh_deg"": 1.7976714596128738, ""tail_kd"": 0.39356282301436407, ""tail_kp"": 0.9351135317182451, ""tail_max_control_boost"": 0.7618275513087673, ""tail_u_max"": 0.010012568037581259, ""torque_to_current"": 210.0, ""zeta0"": 0.885692967, ""zeta_leak"": 0.0105676426, ""zeta_reset_delay_sec"": 0.0, ""zeta_reset_value"": null, ""zeta_soft"": 0.9619387395}"
8,1,1.0,19.684090995089612,1080.0,44.958458,1.2268898956274252,1.748896908793108,3.1016180195308993,8.161027000334878,1.0426049662826207,0.0,0.04539399335232668,0.3284482301769061,1.0040294923,0.885692967,1.0040294923,0.11833652529999994,0.002629700562407407,0.012077307289999985,0.0559800086,0.0,0.0,0.0,0.0,0.0,0.0,0.0,0.0,0.0,0.0,0.0,0.0,0.0,0.0,0.0,0.0,1.2391997629729117,3.289056379156271,8.161027000334878,0.0,0,46.097053251000034,/tmp/nussbaum_optuna_tailp95_runs/optuna_t0008_r01.csv,,"{""alpha"": 7.1072835468, ""amplitude_deg"": 10.0, ""baudrate"": 1000000.0, ""command_sign"": -1.0, ""control_output_scale"": 1.0, ""current_bias_raw"": -0.1296542137, ""current_limit_raw"": 0.0, ""default_mode"": 3.0, ""device"": ""/dev/ttyAMA0"", ""disable_anti_windup"": false, ""disable_freeze_nn_on_saturation"": false, ""disable_freeze_zeta_on_saturation"": false, ""disturb_interval_sec"": 30.0, ""disturb_jitter_sec"": 3.0, ""disturb_mode"": ""mixed"", ""disturb_seed"": -1.0, ""disturbance_placement"": ""mid_move"", ""duration"": 45.0, ""dxl_id"": 6.0, ""enable_disturbance"": false, ""frequency_hz"": 0.05, ""gamma_adapt"": 9.63636852595234, ""gamma_link"": 1.1879006338, ""integral_limit"": 1.6504936083, ""k_delta"": 0.1297199154, ""max_abs_e_dot"": 1.0, ""max_control"": 0.05133913427484959, ""max_current_raw"": 39.0, ""max_current_slew"": 12.1597625363, ""mid_disturbance_offset_sec"": 0.0, ""no_set_current_mode"": false, ""predict_horizon_sec"": 0.0030736303, ""pulse_current_raw_max"": 12.0, ""pulse_current_raw_min"": 4.0, ""pulse_duration_max"": 0.6, ""pulse_duration_min"": 0.15, ""q_abs_guard_deg"": 35.0, ""qd_lpf_alpha"": 0.1014495263, ""rate"": 24.0, ""rbf_center_max"": 3.2, ""rbf_center_min"": -3.2, ""rbf_nodes"": 11.0, ""rbf_width"": 1.4631904539, ""ref_jump_deg_max"": 8.0, ""ref_jump_deg_min"": 2.0, ""ref_jump_duration_max"": 0.6, ""ref_jump_duration_min"": 0.15, ""reference_shape"": ""sine"", ""reset_zeta_after_motion"": false, ""reset_zeta_on_segment"": false, ""restore_mode"": false, ""sigma_mod"": 0.292206410569111, ""sine_center_mode"": ""lock"", ""soft_start_sec"": 6.0, ""step_absolute_target_deg"": null, ""step_absolute_target_rad"": null, ""step_delta_deg"": 40.0, ""step_ramp_sec"": 1.0, ""step_segment_sec"": 1.5, ""step_sequence_deg"": """", ""step_shape"": ""smoothstep"", ""step_start_sec"": 0.0, ""tail_err_full_deg"": 3.4, ""tail_err_thresh_deg"": 2.0420144736163146, ""tail_kd"": 0.6464075968978955, ""tail_kp"": 1.3419169802604203, ""tail_max_control_boost"": 1.4119199269475047, ""tail_u_max"": 0.052950199584966905, ""torque_to_current"": 210.0, ""zeta0"": 0.885692967, ""zeta_leak"": 0.0105676426, ""zeta_reset_delay_sec"": 0.0, ""zeta_reset_value"": null, ""zeta_soft"": 0.9619387395}"
9,1,1.0,27.486424345377813,1080.0,44.958456,1.3628971680783677,1.9933610294648263,3.8390395473196093,10.18983440498583,0.9976662968774863,0.0,0.0535662155745489,0.288119011500063,1.0166112034,0.8856930424,1.0166112034,0.1309181610000001,0.0029092941416666664,0.014202646034999995,0.0383114146,0.0,0.0,0.0,0.0,0.0,0.0,0.0,0.0,0.0,0.0,0.0,0.0,0.0,0.0,0.0,0.0,1.6173889427719434,5.540953123285762,10.18983440498583,0.0,0,46.01430162100041,/tmp/nussbaum_optuna_tailp95_runs/optuna_t0009_r01.csv,,"{""alpha"": 7.1072835468, ""amplitude_deg"": 10.0, ""baudrate"": 1000000.0, ""command_sign"": -1.0, ""control_output_scale"": 1.0, ""current_bias_raw"": -0.1296542137, ""current_limit_raw"": 0.0, ""default_mode"": 3.0, ""device"": ""/dev/ttyAMA0"", ""disable_anti_windup"": false, ""disable_freeze_nn_on_saturation"": false, ""disable_freeze_zeta_on_saturation"": false, ""disturb_interval_sec"": 30.0, ""disturb_jitter_sec"": 3.0, ""disturb_mode"": ""mixed"", ""disturb_seed"": -1.0, ""disturbance_placement"": ""mid_move"", ""duration"": 45.0, ""dxl_id"": 6.0, ""enable_disturbance"": false, ""frequency_hz"": 0.05, ""gamma_adapt"": 10.575568032786515, ""gamma_link"": 1.1879006338, ""integral_limit"": 1.6504936083, ""k_delta"": 0.1297199154, ""max_abs_e_dot"": 1.0, ""max_control"": 0.06752937503826083, ""max_current_raw"": 39.0, ""max_current_slew"": 12.1597625363, ""mid_disturbance_offset_sec"": 0.0, ""no_set_current_mode"": false, ""predict_horizon_sec"": 0.0030736303, ""pulse_current_raw_max"": 12.0, ""pulse_current_raw_min"": 4.0, ""pulse_duration_max"": 0.6, ""pulse_duration_min"": 0.15, ""q_abs_guard_deg"": 35.0, ""qd_lpf_alpha"": 0.1014495263, ""rate"": 24.0, ""rbf_center_max"": 3.2, ""rbf_center_min"": -3.2, ""rbf_nodes"": 11.0, ""rbf_width"": 1.4631904539, ""ref_jump_deg_max"": 8.0, ""ref_jump_deg_min"": 2.0, ""ref_jump_duration_max"": 0.6, ""ref_jump_duration_min"": 0.15, ""reference_shape"": ""sine"", ""reset_zeta_after_motion"": false, ""reset_zeta_on_segment"": false, ""restore_mode"": false, ""sigma_mod"": 0.2133462022209564, ""sine_center_mode"": ""lock"", ""soft_start_sec"": 6.0, ""step_absolute_target_deg"": null, ""step_absolute_target_rad"": null, ""step_delta_deg"": 40.0, ""step_ramp_sec"": 1.0, ""step_segment_sec"": 1.5, ""step_sequence_deg"": """", ""step_shape"": ""smoothstep"", ""step_start_sec"": 0.0, ""tail_err_full_deg"": 3.4, ""tail_err_thresh_deg"": 1.4541489191656438, ""tail_kd"": 0.5769669051626821, ""tail_kp"": 0.8437929961392647, ""tail_max_control_boost"": 0.5661615653591303, ""tail_u_max"": 0.041457164630187726, ""torque_to_current"": 210.0, ""zeta0"": 0.885692967, ""zeta_leak"": 0.0105676426, ""zeta_reset_delay_sec"": 0.0, ""zeta_reset_value"": null, ""zeta_soft"": 0.9619387395}"
10,1,1.0,22.74122037596117,1080.0,44.958586,1.3622750710672331,1.9548868106484878,3.5191969423428597,10.216794189190574,1.0383385981446789,0.0,0.046080056980056974,0.38869511757148567,1.0023906625,0.8856930424,1.0023906625,0.11669762010000007,0.0025932821239814815,0.013823409384999999,0.0405315909,0.0,0.0,0.0,0.0,0.0,0.0,0.0,0.0,0.0,0.0,0.0,0.0,0.0,0.0,0.0,0.0,1.495165267795301,3.773772315437819,10.216794189190574,0.0,0,46.106600416999754,/tmp/nussbaum_optuna_tailp95_runs/optuna_t0010_r01.csv,,"{""alpha"": 7.1072835468, ""amplitude_deg"": 10.0, ""baudrate"": 1000000.0, ""command_sign"": -1.0, ""control_output_scale"": 1.0, ""current_bias_raw"": -0.1296542137, ""current_limit_raw"": 0.0, ""default_mode"": 3.0, ""device"": ""/dev/ttyAMA0"", ""disable_anti_windup"": false, ""disable_freeze_nn_on_saturation"": false, ""disable_freeze_zeta_on_saturation"": false, ""disturb_interval_sec"": 30.0, ""disturb_jitter_sec"": 3.0, ""disturb_mode"": ""mixed"", ""disturb_seed"": -1.0, ""disturbance_placement"": ""mid_move"", ""duration"": 45.0, ""dxl_id"": 6.0, ""enable_disturbance"": false, ""frequency_hz"": 0.05, ""gamma_adapt"": 13.495909553926095, ""gamma_link"": 1.1879006338, ""integral_limit"": 1.6504936083, ""k_delta"": 0.1297199154, ""max_abs_e_dot"": 1.0, ""max_control"": 0.03875956003188117, ""max_current_raw"": 39.0, ""max_current_slew"": 12.1597625363, ""mid_disturbance_offset_sec"": 0.0, ""no_set_current_mode"": false, ""predict_horizon_sec"": 0.0030736303, ""pulse_current_raw_max"": 12.0, ""pulse_current_raw_min"": 4.0, ""pulse_duration_max"": 0.6, ""pulse_duration_min"": 0.15, ""q_abs_guard_deg"": 35.0, ""qd_lpf_alpha"": 0.1014495263, ""rate"": 24.0, ""rbf_center_max"": 3.2, ""rbf_center_min"": -3.2, ""rbf_nodes"": 11.0, ""rbf_width"": 1.4631904539, ""ref_jump_deg_max"": 8.0, ""ref_jump_deg_min"": 2.0, ""ref_jump_duration_max"": 0.6, ""ref_jump_duration_min"": 0.15, ""reference_shape"": ""sine"", ""reset_zeta_after_motion"": false, ""reset_zeta_on_segment"": false, ""restore_mode"": false, ""sigma_mod"": 0.299161015665103, ""sine_center_mode"": ""lock"", ""soft_start_sec"": 6.0, ""step_absolute_target_deg"": null, ""step_absolute_target_rad"": null, ""step_delta_deg"": 40.0, ""step_ramp_sec"": 1.0, ""step_segment_sec"": 1.5, ""step_sequence_deg"": """", ""step_shape"": ""smoothstep"", ""step_start_sec"": 0.0, ""tail_err_full_deg"": 3.4, ""tail_err_thresh_deg"": 1.3292056780588357, ""tail_kd"": 0.48415862608533583, ""tail_kp"": 1.1359748492802024, ""tail_max_control_boost"": 1.0256509206677642, ""tail_u_max"": 0.012951390258912593, ""torque_to_current"": 210.0, ""zeta0"": 0.885692967, ""zeta_leak"": 0.0105676426, ""zeta_reset_delay_sec"": 0.0, ""zeta_reset_value"": null, ""zeta_soft"": 0.9619387395}"
11,1,1.0,11.848470430360436,1080.0,44.958452,1.0570457653398904,1.2388316543289215,2.0964716808126282,3.1228090022396002,0.979689289326451,0.0,0.05769368471035138,0.14508542205584674,1.0033824677,0.885692967,1.0033824677,0.11768950070000006,0.002615322236666667,0.01066465048,0.0293986973,0.0,0.0,0.0,0.0,0.0,0.0,0.0,0.0,0.0,0.0,0.0,0.0,0.0,0.0,0.0,0.0,1.1344339975572422,1.9784865976171808,2.28072951590737,0.0,0,46.00725141700059,/tmp/nussbaum_optuna_tailp95_runs/optuna_t0011_r01.csv,,"{""alpha"": 7.1072835468, ""amplitude_deg"": 10.0, ""baudrate"": 1000000.0, ""command_sign"": -1.0, ""control_output_scale"": 1.0, ""current_bias_raw"": -0.1296542137, ""current_limit_raw"": 0.0, ""default_mode"": 3.0, ""device"": ""/dev/ttyAMA0"", ""disable_anti_windup"": false, ""disable_freeze_nn_on_saturation"": false, ""disable_freeze_zeta_on_saturation"": false, ""disturb_interval_sec"": 30.0, ""disturb_jitter_sec"": 3.0, ""disturb_mode"": ""mixed"", ""disturb_seed"": -1.0, ""disturbance_placement"": ""mid_move"", ""duration"": 45.0, ""dxl_id"": 6.0, ""enable_disturbance"": false, ""frequency_hz"": 0.05, ""gamma_adapt"": 14.194251147061381, ""gamma_link"": 1.1879006338, ""integral_limit"": 1.6504936083, ""k_delta"": 0.1297199154, ""max_abs_e_dot"": 1.0, ""max_control"": 0.07192673367421676, ""max_current_raw"": 39.0, ""max_current_slew"": 12.1597625363, ""mid_disturbance_offset_sec"": 0.0, ""no_set_current_mode"": false, ""predict_horizon_sec"": 0.0030736303, ""pulse_current_raw_max"": 12.0, ""pulse_current_raw_min"": 4.0, ""pulse_duration_max"": 0.6, ""pulse_duration_min"": 0.15, ""q_abs_guard_deg"": 35.0, ""qd_lpf_alpha"": 0.1014495263, ""rate"": 24.0, ""rbf_center_max"": 3.2, ""rbf_center_min"": -3.2, ""rbf_nodes"": 11.0, ""rbf_width"": 1.4631904539, ""ref_jump_deg_max"": 8.0, ""ref_jump_deg_min"": 2.0, ""ref_jump_duration_max"": 0.6, ""ref_jump_duration_min"": 0.15, ""reference_shape"": ""sine"", ""reset_zeta_after_motion"": false, ""reset_zeta_on_segment"": false, ""restore_mode"": false, ""sigma_mod"": 0.2580404965749961, ""sine_center_mode"": ""lock"", ""soft_start_sec"": 6.0, ""step_absolute_target_deg"": null, ""step_absolute_target_rad"": null, ""step_delta_deg"": 40.0, ""step_ramp_sec"": 1.0, ""step_segment_sec"": 1.5, ""step_sequence_deg"": """", ""step_shape"": ""smoothstep"", ""step_start_sec"": 0.0, ""tail_err_full_deg"": 3.4, ""tail_err_thresh_deg"": 1.6834768017003927, ""tail_kd"": 0.32560676381705833, ""tail_kp"": 1.046303366974005, ""tail_max_control_boost"": 0.39813115071879296, ""tail_u_max"": 0.007379272195330595, ""torque_to_current"": 210.0, ""zeta0"": 0.885692967, ""zeta_leak"": 0.0105676426, ""zeta_reset_delay_sec"": 0.0, ""zeta_reset_value"": null, ""zeta_soft"": 0.9619387395}"
12,1,1.0,19.91339300820348,1080.0,44.958435,1.2545670471832275,1.808645250993642,3.0876300622603114,9.067641501978,1.0291275980141312,0.0,0.04913936372269705,0.22571884748167198,1.0068294732,0.885692967,1.0068294732,0.12113650620000005,0.002691922359351852,0.012853339430000001,0.0439785562,0.0,0.0,0.0,0.0,0.0,0.0,0.0,0.0,0.0,0.0,0.0,0.0,0.0,0.0,0.0,0.0,1.379373766198413,3.245305811226043,9.067641501978,0.0,0,45.9996868799999,/tmp/nussbaum_optuna_tailp95_runs/optuna_t0012_r01.csv,,"{""alpha"": 7.1072835468, ""amplitude_deg"": 10.0, ""baudrate"": 1000000.0, ""command_sign"": -1.0, ""control_output_scale"": 1.0, ""current_bias_raw"": -0.1296542137, ""current_limit_raw"": 0.0, ""default_mode"": 3.0, ""device"": ""/dev/ttyAMA0"", ""disable_anti_windup"": false, ""disable_freeze_nn_on_saturation"": false, ""disable_freeze_zeta_on_saturation"": false, ""disturb_interval_sec"": 30.0, ""disturb_jitter_sec"": 3.0, ""disturb_mode"": ""mixed"", ""disturb_seed"": -1.0, ""disturbance_placement"": ""mid_move"", ""duration"": 45.0, ""dxl_id"": 6.0, ""enable_disturbance"": false, ""frequency_hz"": 0.05, ""gamma_adapt"": 12.84229018590916, ""gamma_link"": 1.1879006338, ""integral_limit"": 1.6504936083, ""k_delta"": 0.1297199154, ""max_abs_e_dot"": 1.0, ""max_control"": 0.06782055021208391, ""max_current_raw"": 39.0, ""max_current_slew"": 12.1597625363, ""mid_disturbance_offset_sec"": 0.0, ""no_set_current_mode"": false, ""predict_horizon_sec"": 0.0030736303, ""pulse_current_raw_max"": 12.0, ""pulse_current_raw_min"": 4.0, ""pulse_duration_max"": 0.6, ""pulse_duration_min"": 0.15, ""q_abs_guard_deg"": 35.0, ""qd_lpf_alpha"": 0.1014495263, ""rate"": 24.0, ""rbf_center_max"": 3.2, ""rbf_center_min"": -3.2, ""rbf_nodes"": 11.0, ""rbf_width"": 1.4631904539, ""ref_jump_deg_max"": 8.0, ""ref_jump_deg_min"": 2.0, ""ref_jump_duration_max"": 0.6, ""ref_jump_duration_min"": 0.15, ""reference_shape"": ""sine"", ""reset_zeta_after_motion"": false, ""reset_zeta_on_segment"": false, ""restore_mode"": false, ""sigma_mod"": 0.2314205207846818, ""sine_center_mode"": ""lock"", ""soft_start_sec"": 6.0, ""step_absolute_target_deg"": null, ""step_absolute_target_rad"": null, ""step_delta_deg"": 40.0, ""step_ramp_sec"": 1.0, ""step_segment_sec"": 1.5, ""step_sequence_deg"": """", ""step_shape"": ""smoothstep"", ""step_start_sec"": 0.0, ""tail_err_full_deg"": 3.4, ""tail_err_thresh_deg"": 1.7479439751313373, ""tail_kd"": 0.1448680009021284, ""tail_kp"": 0.8355827875102395, ""tail_max_control_boost"": 0.2621720728726309, ""tail_u_max"": 0.020076764029118326, ""torque_to_current"": 210.0, ""zeta0"": 0.885692967, ""zeta_leak"": 0.0105676426, ""zeta_reset_delay_sec"": 0.0, ""zeta_reset_value"": null, ""zeta_soft"": 0.9619387395}"
13,1,1.0,32.21898808894101,1080.0,44.958435,2.15368357579779,3.171249909054878,7.286222988567264,12.29974050768373,1.0473223795221411,0.0,0.06100401234567901,0.5306726487665997,1.0782816014,0.8856930424,1.0774132162,0.19172017380000006,0.004260449982037037,0.019444245694999997,0.0567365435,0.0,0.0,0.0,0.0,0.0,0.0,0.0,0.0,0.0,0.0,0.0,0.0,0.0,0.0,0.0,0.0,1.5033604203201734,4.678821293271091,7.796040050581934,0.0,0,45.98918549100017,/tmp/nussbaum_optuna_tailp95_runs/optuna_t0013_r01.csv,,"{""alpha"": 7.1072835468, ""amplitude_deg"": 10.0, ""baudrate"": 1000000.0, ""command_sign"": -1.0, ""control_output_scale"": 1.0, ""current_bias_raw"": -0.1296542137, ""current_limit_raw"": 0.0, ""default_mode"": 3.0, ""device"": ""/dev/ttyAMA0"", ""disable_anti_windup"": false, ""disable_freeze_nn_on_saturation"": false, ""disable_freeze_zeta_on_saturation"": false, ""disturb_interval_sec"": 30.0, ""disturb_jitter_sec"": 3.0, ""disturb_mode"": ""mixed"", ""disturb_seed"": -1.0, ""disturbance_placement"": ""mid_move"", ""duration"": 45.0, ""dxl_id"": 6.0, ""enable_disturbance"": false, ""frequency_hz"": 0.05, ""gamma_adapt"": 10.313557333375241, ""gamma_link"": 1.1879006338, ""integral_limit"": 1.6504936083, ""k_delta"": 0.1297199154, ""max_abs_e_dot"": 1.0, ""max_control"": 0.056144173628625955, ""max_current_raw"": 39.0, ""max_current_slew"": 12.1597625363, ""mid_disturbance_offset_sec"": 0.0, ""no_set_current_mode"": false, ""predict_horizon_sec"": 0.0030736303, ""pulse_current_raw_max"": 12.0, ""pulse_current_raw_min"": 4.0, ""pulse_duration_max"": 0.6, ""pulse_duration_min"": 0.15, ""q_abs_guard_deg"": 35.0, ""qd_lpf_alpha"": 0.1014495263, ""rate"": 24.0, ""rbf_center_max"": 3.2, ""rbf_center_min"": -3.2, ""rbf_nodes"": 11.0, ""rbf_width"": 1.4631904539, ""ref_jump_deg_max"": 8.0, ""ref_jump_deg_min"": 2.0, ""ref_jump_duration_max"": 0.6, ""ref_jump_duration_min"": 0.15, ""reference_shape"": ""sine"", ""reset_zeta_after_motion"": false, ""reset_zeta_on_segment"": false, ""restore_mode"": false, ""sigma_mod"": 0.2428831133778818, ""sine_center_mode"": ""lock"", ""soft_start_sec"": 6.0, ""step_absolute_target_deg"": null, ""step_absolute_target_rad"": null, ""step_delta_deg"": 40.0, ""step_ramp_sec"": 1.0, ""step_segment_sec"": 1.5, ""step_sequence_deg"": """", ""step_shape"": ""smoothstep"", ""step_start_sec"": 0.0, ""tail_err_full_deg"": 3.4, ""tail_err_thresh_deg"": 2.004538681340566, ""tail_kd"": 0.3063232086654527, ""tail_kp"": 1.3708927675691314, ""tail_max_control_boost"": 0.6361954683903226, ""tail_u_max"": 0.008031987230415588, ""torque_to_current"": 210.0, ""zeta0"": 0.885692967, ""zeta_leak"": 0.0105676426, ""zeta_reset_delay_sec"": 0.0, ""zeta_reset_value"": null, ""zeta_soft"": 0.9619387395}"
14,1,1.0,19.749150426622798,1080.0,44.958452,1.4512884668514152,1.824325507909297,2.666844949559765,8.793475370027124,0.9482292671188696,0.0,0.07567483380816714,0.4017351565581838,0.9925245449,0.8856930424,0.9925245449,0.10683150249999995,0.002374035065555556,0.01100148852999999,0.0387319975,0.0,0.0,0.0,0.0,0.0,0.0,0.0,0.0,0.0,0.0,0.0,0.0,0.0,0.0,0.0,0.0,1.62823043904306,3.301904506221341,8.793475370027124,0.0,0,45.97948586200073,/tmp/nussbaum_optuna_tailp95_runs/optuna_t0014_r01.csv,,"{""alpha"": 7.1072835468, ""amplitude_deg"": 10.0, ""baudrate"": 1000000.0, ""command_sign"": -1.0, ""control_output_scale"": 1.0, ""current_bias_raw"": -0.1296542137, ""current_limit_raw"": 0.0, ""default_mode"": 3.0, ""device"": ""/dev/ttyAMA0"", ""disable_anti_windup"": false, ""disable_freeze_nn_on_saturation"": false, ""disable_freeze_zeta_on_saturation"": false, ""disturb_interval_sec"": 30.0, ""disturb_jitter_sec"": 3.0, ""disturb_mode"": ""mixed"", ""disturb_seed"": -1.0, ""disturbance_placement"": ""mid_move"", ""duration"": 45.0, ""dxl_id"": 6.0, ""enable_disturbance"": false, ""frequency_hz"": 0.05, ""gamma_adapt"": 14.55234987966562, ""gamma_link"": 1.1879006338, ""integral_limit"": 1.6504936083, ""k_delta"": 0.1297199154, ""max_abs_e_dot"": 1.0, ""max_control"": 0.04022202694042718, ""max_current_raw"": 39.0, ""max_current_slew"": 12.1597625363, ""mid_disturbance_offset_sec"": 0.0, ""no_set_current_mode"": false, ""predict_horizon_sec"": 0.0030736303, ""pulse_current_raw_max"": 12.0, ""pulse_current_raw_min"": 4.0, ""pulse_duration_max"": 0.6, ""pulse_duration_min"": 0.15, ""q_abs_guard_deg"": 35.0, ""qd_lpf_alpha"": 0.1014495263, ""rate"": 24.0, ""rbf_center_max"": 3.2, ""rbf_center_min"": -3.2, ""rbf_nodes"": 11.0, ""rbf_width"": 1.4631904539, ""ref_jump_deg_max"": 8.0, ""ref_jump_deg_min"": 2.0, ""ref_jump_duration_max"": 0.6, ""ref_jump_duration_min"": 0.15, ""reference_shape"": ""sine"", ""reset_zeta_after_motion"": false, ""reset_zeta_on_segment"": false, ""restore_mode"": false, ""sigma_mod"": 0.2355942713621064, ""sine_center_mode"": ""lock"", ""soft_start_sec"": 6.0, ""step_absolute_target_deg"": null, ""step_absolute_target_rad"": null, ""step_delta_deg"": 40.0, ""step_ramp_sec"": 1.0, ""step_segment_sec"": 1.5, ""step_sequence_deg"": """", ""step_shape"": ""smoothstep"", ""step_start_sec"": 0.0, ""tail_err_full_deg"": 3.4, ""tail_err_thresh_deg"": 2.0253829687893194, ""tail_kd"": 0.6740512591350913, ""tail_kp"": 0.9672089387769534, ""tail_max_control_boost"": 0.718922376268833, ""tail_u_max"": 0.007533591571264722, ""torque_to_current"": 210.0, ""zeta0"": 0.885692967, ""zeta_leak"": 0.0105676426, ""zeta_reset_delay_sec"": 0.0, ""zeta_reset_value"": null, ""zeta_soft"": 0.9619387395}"
15,1,1.0,1000014.3713418153,1080.0,44.958479000000004,1.9708331056463084,3.0521856999483075,7.381248969946132,13.43713418153161,1.0381132240326147,0.0,0.05433174264007599,0.5159342040947144,1.066619369,0.885692967,1.066619369,0.1809264020000001,0.004020586711388888,0.021748091265,0.0642063439,0.0,0.0,0.0,0.0,0.0,0.0,0.0,0.0,0.0,0.0,0.0,0.0,0.0,0.0,0.0,0.0,3.344644380505565,9.896177582690349,13.43713418153161,0.0,0,45.97668452800008,/tmp/nussbaum_optuna_tailp95_runs/optuna_t0015_r01.csv,,"{""alpha"": 7.1072835468, ""amplitude_deg"": 10.0, ""baudrate"": 1000000.0, ""command_sign"": -1.0, ""control_output_scale"": 1.0, ""current_bias_raw"": -0.1296542137, ""current_limit_raw"": 0.0, ""default_mode"": 3.0, ""device"": ""/dev/ttyAMA0"", ""disable_anti_windup"": false, ""disable_freeze_nn_on_saturation"": false, ""disable_freeze_zeta_on_saturation"": false, ""disturb_interval_sec"": 30.0, ""disturb_jitter_sec"": 3.0, ""disturb_mode"": ""mixed"", ""disturb_seed"": -1.0, ""disturbance_placement"": ""mid_move"", ""duration"": 45.0, ""dxl_id"": 6.0, ""enable_disturbance"": false, ""frequency_hz"": 0.05, ""gamma_adapt"": 14.874472420614557, ""gamma_link"": 1.1879006338, ""integral_limit"": 1.6504936083, ""k_delta"": 0.1297199154, ""max_abs_e_dot"": 1.0, ""max_control"": 0.057136249317126624, ""max_current_raw"": 39.0, ""max_current_slew"": 12.1597625363, ""mid_disturbance_offset_sec"": 0.0, ""no_set_current_mode"": false, ""predict_horizon_sec"": 0.0030736303, ""pulse_current_raw_max"": 12.0, ""pulse_current_raw_min"": 4.0, ""pulse_duration_max"": 0.6, ""pulse_duration_min"": 0.15, ""q_abs_guard_deg"": 35.0, ""qd_lpf_alpha"": 0.1014495263, ""rate"": 24.0, ""rbf_center_max"": 3.2, ""rbf_center_min"": -3.2, ""rbf_nodes"": 11.0, ""rbf_width"": 1.4631904539, ""ref_jump_deg_max"": 8.0, ""ref_jump_deg_min"": 2.0, ""ref_jump_duration_max"": 0.6, ""ref_jump_duration_min"": 0.15, ""reference_shape"": ""sine"", ""reset_zeta_after_motion"": false, ""reset_zeta_on_segment"": false, ""restore_mode"": false, ""sigma_mod"": 0.20325994597011318, ""sine_center_mode"": ""lock"", ""soft_start_sec"": 6.0, ""step_absolute_target_deg"": null, ""step_absolute_target_rad"": null, ""step_delta_deg"": 40.0, ""step_ramp_sec"": 1.0, ""step_segment_sec"": 1.5, ""step_sequence_deg"": """", ""step_shape"": ""smoothstep"", ""step_start_sec"": 0.0, ""tail_err_full_deg"": 3.4, ""tail_err_thresh_deg"": 1.0336756043456943, ""tail_kd"": 0.2567808379006947, ""tail_kp"": 0.45177054642586556, ""tail_max_control_boost"": 0.7899613931203947, ""tail_u_max"": 0.011625434512986033, ""torque_to_current"": 210.0, ""zeta0"": 0.885692967, ""zeta_leak"": 0.0105676426, ""zeta_reset_delay_sec"": 0.0, ""zeta_reset_value"": null, ""zeta_soft"": 0.9619387395}"
16,1,1.0,1000016.505805038,1080.0,44.958546000000005,1.955128742576315,2.9607521413003624,7.55587787801705,13.650580503808232,1.060580980020245,0.0,0.05575389363722698,0.32496641726070946,1.0718568945,0.885692967,1.0718568945,0.1861639275,0.004136976169444444,0.018917447709999976,0.0433457996,0.0,0.0,0.0,0.0,0.0,0.0,0.0,0.0,0.0,0.0,0.0,0.0,0.0,0.0,0.0,0.0,3.2137894863893828,9.37397496507046,13.650580503808232,0.0,0,45.979955249999875,/tmp/nussbaum_optuna_tailp95_runs/optuna_t0016_r01.csv,,"{""alpha"": 7.1072835468, ""amplitude_deg"": 10.0, ""baudrate"": 1000000.0, ""command_sign"": -1.0, ""control_output_scale"": 1.0, ""current_bias_raw"": -0.1296542137, ""current_limit_raw"": 0.0, ""default_mode"": 3.0, ""device"": ""/dev/ttyAMA0"", ""disable_anti_windup"": false, ""disable_freeze_nn_on_saturation"": false, ""disable_freeze_zeta_on_saturation"": false, ""disturb_interval_sec"": 30.0, ""disturb_jitter_sec"": 3.0, ""disturb_mode"": ""mixed"", ""disturb_seed"": -1.0, ""disturbance_placement"": ""mid_move"", ""duration"": 45.0, ""dxl_id"": 6.0, ""enable_disturbance"": false, ""frequency_hz"": 0.05, ""gamma_adapt"": 9.264452993055928, ""gamma_link"": 1.1879006338, ""integral_limit"": 1.6504936083, ""k_delta"": 0.1297199154, ""max_abs_e_dot"": 1.0, ""max_control"": 0.07352885260829195, ""max_current_raw"": 39.0, ""max_current_slew"": 12.1597625363, ""mid_disturbance_offset_sec"": 0.0, ""no_set_current_mode"": false, ""predict_horizon_sec"": 0.0030736303, ""pulse_current_raw_max"": 12.0, ""pulse_current_raw_min"": 4.0, ""pulse_duration_max"": 0.6, ""pulse_duration_min"": 0.15, ""q_abs_guard_deg"": 35.0, ""qd_lpf_alpha"": 0.1014495263, ""rate"": 24.0, ""rbf_center_max"": 3.2, ""rbf_center_min"": -3.2, ""rbf_nodes"": 11.0, ""rbf_width"": 1.4631904539, ""ref_jump_deg_max"": 8.0, ""ref_jump_deg_min"": 2.0, ""ref_jump_duration_max"": 0.6, ""ref_jump_duration_min"": 0.15, ""reference_shape"": ""sine"", ""reset_zeta_after_motion"": false, ""reset_zeta_on_segment"": false, ""restore_mode"": false, ""sigma_mod"": 0.3358610275332189, ""sine_center_mode"": ""lock"", ""soft_start_sec"": 6.0, ""step_absolute_target_deg"": null, ""step_absolute_target_rad"": null, ""step_delta_deg"": 40.0, ""step_ramp_sec"": 1.0, ""step_segment_sec"": 1.5, ""step_sequence_deg"": """", ""step_shape"": ""smoothstep"", ""step_start_sec"": 0.0, ""tail_err_full_deg"": 3.4, ""tail_err_thresh_deg"": 1.5680384752981913, ""tail_kd"": 0.27524052592378845, ""tail_kp"": 1.090877081439033, ""tail_max_control_boost"": 0.10571770891183935, ""tail_u_max"": 0.01261297698975715, ""torque_to_current"": 210.0, ""zeta0"": 0.885692967, ""zeta_leak"": 0.0105676426, ""zeta_reset_delay_sec"": 0.0, ""zeta_reset_value"": null, ""zeta_soft"": 0.9619387395}"
17,1,1.0,27.157938834754077,1080.0,44.958444,1.3626787547631078,2.0482667933484464,4.102748030388965,9.311411214491464,1.051591894017425,0.0,0.04634271130104463,0.299314094177562,1.0155009219,0.885692967,1.0155009219,0.12980795489999997,0.002884621219722222,0.013762283329999998,0.068085945,0.0,0.0,0.0,0.0,0.0,0.0,0.0,0.0,0.0,0.0,0.0,0.0,0.0,0.0,0.0,0.0,1.3556572092529156,5.2412110938651235,9.252703042447184,0.0,0,45.97935317599968,/tmp/nussbaum_optuna_tailp95_runs/optuna_t0017_r01.csv,,"{""alpha"": 7.1072835468, ""amplitude_deg"": 10.0, ""baudrate"": 1000000.0, ""command_sign"": -1.0, ""control_output_scale"": 1.0, ""current_bias_raw"": -0.1296542137, ""current_limit_raw"": 0.0, ""default_mode"": 3.0, ""device"": ""/dev/ttyAMA0"", ""disable_anti_windup"": false, ""disable_freeze_nn_on_saturation"": false, ""disable_freeze_zeta_on_saturation"": false, ""disturb_interval_sec"": 30.0, ""disturb_jitter_sec"": 3.0, ""disturb_mode"": ""mixed"", ""disturb_seed"": -1.0, ""disturbance_placement"": ""mid_move"", ""duration"": 45.0, ""dxl_id"": 6.0, ""enable_disturbance"": false, ""frequency_hz"": 0.05, ""gamma_adapt"": 13.981361053282894, ""gamma_link"": 1.1879006338, ""integral_limit"": 1.6504936083, ""k_delta"": 0.1297199154, ""max_abs_e_dot"": 1.0, ""max_control"": 0.0602440633033644, ""max_current_raw"": 39.0, ""max_current_slew"": 12.1597625363, ""mid_disturbance_offset_sec"": 0.0, ""no_set_current_mode"": false, ""predict_horizon_sec"": 0.0030736303, ""pulse_current_raw_max"": 12.0, ""pulse_current_raw_min"": 4.0, ""pulse_duration_max"": 0.6, ""pulse_duration_min"": 0.15, ""q_abs_guard_deg"": 35.0, ""qd_lpf_alpha"": 0.1014495263, ""rate"": 24.0, ""rbf_center_max"": 3.2, ""rbf_center_min"": -3.2, ""rbf_nodes"": 11.0, ""rbf_width"": 1.4631904539, ""ref_jump_deg_max"": 8.0, ""ref_jump_deg_min"": 2.0, ""ref_jump_duration_max"": 0.6, ""ref_jump_duration_min"": 0.15, ""reference_shape"": ""sine"", ""reset_zeta_after_motion"": false, ""reset_zeta_on_segment"": false, ""restore_mode"": false, ""sigma_mod"": 0.21751555449495952, ""sine_center_mode"": ""lock"", ""soft_start_sec"": 6.0, ""step_absolute_target_deg"": null, ""step_absolute_target_rad"": null, ""step_delta_deg"": 40.0, ""step_ramp_sec"": 1.0, ""step_segment_sec"": 1.5, ""step_sequence_deg"": """", ""step_shape"": ""smoothstep"", ""step_start_sec"": 0.0, ""tail_err_full_deg"": 3.4, ""tail_err_thresh_deg"": 1.3823406029235918, ""tail_kd"": 0.7995672289733226, ""tail_kp"": 1.2841699177441068, ""tail_max_control_boost"": 0.7251655564679258, ""tail_u_max"": 0.017007618601286287, ""torque_to_current"": 210.0, ""zeta0"": 0.885692967, ""zeta_leak"": 0.0105676426, ""zeta_reset_delay_sec"": 0.0, ""zeta_reset_value"": null, ""zeta_soft"": 0.9619387395}"
